Name,Address,Category,SubCategory,Day,MAPCODE,Description,OriginalName,Order,Layer,Notes
✈ 那霸機場,"Naha Airport, Okinawa, Japan",交通,機場,Day 1 / Day 5,33 123 189*60,中文顯示名稱：✈ 那霸機場｜原始名稱：那霸機場｜MAPCODE：33 123 189*60｜用途：日本車機導航用；輸入後請用手機 Google Maps 核對位置。｜行程/區域：Day 1 / Day 5｜PDF Day 1 抵達、Day 5 還車搭機使用。｜原始名稱：那霸機場,那霸機場,1,機場與住宿,PDF Day 1 抵達、Day 5 還車搭機使用。
🚗 SKY租車,"SKY Rent A Car Naha Airport, 1-23-8 Gushi, Naha, Okinawa",交通,租車,Day 1 / Day 5,33 033 327*52,"中文顯示名稱：🚗 SKY租車｜原始名稱：SKY租車 那霸空港店｜MAPCODE：33 033 327*52｜用途：日本車機導航用；輸入後請用手機 Google Maps 核對位置。｜Google Maps Search Query：SKY Rent A Car Naha Airport, 1-23-8 Gushi, Naha, Okinawa｜行程/區域：Day 1 / Day 5｜PDF 第3頁提到那霸空港店；建議租車/還車用。｜原始名稱：SKY租車 那霸空港店",SKY租車 那霸空港店,2,機場與住宿,PDF 第3頁提到那霸空港店；建議租車/還車用。｜已檢查修正：名稱/搜尋字串修乾淨，保留 MAPCODE。
🏨 Gran View飯店,"Hotel Gran View Garden Okinawa, Okinawa, Japan",住宿,飯店,住宿,232 543 670*38,中文顯示名稱：🏨 Gran View飯店｜原始名稱：Hotel Gran View Garden Okinawa｜MAPCODE：232 543 670*38｜用途：日本車機導航用；輸入後請用手機 Google Maps 核對位置。｜提醒：比對自飯店名稱「格蘭德維尤花園」，建議訂房後再次核對地址是否一致｜行程/區域：住宿｜PDF 行程住宿。｜原始名稱：Hotel Gran View Garden Okinawa,Hotel Gran View Garden Okinawa,3,機場與住宿,PDF 行程住宿。
📍沖繩世界,"Okinawa World Gyokusendo Cave, Okinawa, Japan",景點,景點,Day 4,232 495 330*28,中文顯示名稱：📍沖繩世界｜原始名稱：沖繩世界 / 玉泉洞｜MAPCODE：232 495 330*28｜用途：日本車機導航用；輸入後請用手機 Google Maps 核對位置。｜行程/區域：Day 4｜PDF Day 4 09:30 玉泉洞與沖繩世界。｜原始名稱：沖繩世界 / 玉泉洞,沖繩世界 / 玉泉洞,4,南部,PDF Day 4 09:30 玉泉洞與沖繩世界。
🐟 糸滿魚市場,Itoman Fish Center Okinawa Japan,購物,市場,Day 4,232 484 137*05,中文顯示名稱：🐟 糸滿魚市場｜原始名稱：糸滿魚市場 / 糸滿魚中心｜MAPCODE：232 484 137*05｜用途：日本車機導航用；輸入後請用手機 Google Maps 核對位置。｜行程/區域：Day 4｜PDF Day 4 午餐候選，糸滿魚市場。｜原始名稱：糸滿魚市場 / 糸滿魚中心,糸滿魚市場 / 糸滿魚中心,5,南部,PDF Day 4 午餐候選，糸滿魚市場。
🐠 DMM水族館,"DMM Kariyushi Aquarium, Okinawa, Japan",景點,景點,Day 4,232 543 400*25,中文顯示名稱：🐠 DMM水族館｜原始名稱：DMM Kariyushi 水族館｜MAPCODE：232 543 400*25｜用途：日本車機導航用；輸入後請用手機 Google Maps 核對位置。｜行程/區域：Day 4｜PDF 第3、8、11頁提到 DMM 水族館。｜原始名稱：DMM Kariyushi 水族館,DMM Kariyushi 水族館,6,南部,PDF 第3、8、11頁提到 DMM 水族館。
🛍 Ashibinaa Outlet,"Okinawa Outlet Mall Ashibinaa, Okinawa, Japan",購物,購物,Day 4,232 544 544*82,中文顯示名稱：🛍 Ashibinaa Outlet｜原始名稱：沖繩 Outlet Mall Ashibinaa｜MAPCODE：232 544 544*82｜用途：日本車機導航用；輸入後請用手機 Google Maps 核對位置。｜提醒：四個來源數值在544/452/542/451間有差異，大型賣場建議導航到此範圍後依現場指標進入｜行程/區域：Day 4｜PDF 第3、8頁提到 Ashibinaa Outlet。｜原始名稱：沖繩 Outlet Mall Ashibinaa,沖繩 Outlet Mall Ashibinaa,7,南部,PDF 第3、8頁提到 Ashibinaa Outlet。
🌊 瀨長島,"Senagajima Umikaji Terrace, Okinawa, Japan",景點,景點/晚餐,Day 4,33 002 602*06,中文顯示名稱：🌊 瀨長島｜原始名稱：瀨長島 Umikaji Terrace｜MAPCODE：33 002 602*06｜用途：日本車機導航用；輸入後請用手機 Google Maps 核對位置。｜行程/區域：Day 4｜PDF Day 4 傍晚/晚餐備案，靠近機場與豐崎。｜原始名稱：瀨長島 Umikaji Terrace,瀨長島 Umikaji Terrace,8,南部,PDF Day 4 傍晚/晚餐備案，靠近機場與豐崎。
📍古宇利大橋,"Kouri Bridge, Okinawa, Japan",景點,景點,Day 2,485 662 133*22,中文顯示名稱：📍古宇利大橋｜原始名稱：古宇利大橋｜MAPCODE：485 662 133*22｜用途：日本車機導航用；輸入後請用手機 Google Maps 核對位置。｜行程/區域：Day 2｜PDF Day 2 11:00 古宇利大橋拍照。｜原始名稱：古宇利大橋,古宇利大橋,9,北部,PDF Day 2 11:00 古宇利大橋拍照。
📍心形岩,"Heart Rock Kouri Island, Okinawa, Japan",景點,景點,Day 2,485 751 209*77,中文顯示名稱：📍心形岩｜原始名稱：古宇利島 Heart Rock｜MAPCODE：485 751 209*77｜用途：日本車機導航用；輸入後請用手機 Google Maps 核對位置。｜提醒：另一來源給485 751 149*43（差異較大），建議出發前用手機核對｜行程/區域：Day 2｜PDF Day 2 古宇利島景點。｜原始名稱：古宇利島 Heart Rock,古宇利島 Heart Rock,10,北部,PDF Day 2 古宇利島景點。
🍤 古宇利蝦飯,"Kouri Shrimp, Kouri Island, Okinawa, Japan",美食,餐廳,Day 2,,中文顯示名稱：🍤 古宇利蝦飯｜原始名稱：Kouri Shrimp 古宇利島蝦蝦飯｜MAPCODE：（查無資料）｜備註：查無獨立MAPCODE，可先用古宇利大橋 485 662 133*22 導航進島後依指標前往｜行程/區域：Day 2｜PDF Day 2 12:00 古宇利島蝦蝦飯。｜原始名稱：Kouri Shrimp 古宇利島蝦蝦飯,Kouri Shrimp 古宇利島蝦蝦飯,11,北部,PDF Day 2 12:00 古宇利島蝦蝦飯。
🐠 美麗海水族館,"Okinawa Churaumi Aquarium, Okinawa, Japan",景點,景點,Day 2,553 075 737*32,中文顯示名稱：🐠 美麗海水族館｜原始名稱：沖繩美麗海水族館｜MAPCODE：553 075 737*32｜用途：日本車機導航用；輸入後請用手機 Google Maps 核對位置。｜提醒：另一來源給553 075 797（差異很小，應為水族館不同入口）｜行程/區域：Day 2｜PDF Day 2 13:30 美麗海水族館。｜原始名稱：沖繩美麗海水族館,沖繩美麗海水族館,12,北部,PDF Day 2 13:30 美麗海水族館。
📍萬座毛,"Cape Manzamo, Okinawa, Japan",景點,景點,Day 3,206 312 097*04,中文顯示名稱：📍萬座毛｜原始名稱：萬座毛｜MAPCODE：206 312 097*04｜用途：日本車機導航用；輸入後請用手機 Google Maps 核對位置。｜提醒：另外兩個獨立來源都指向206 312 038*55 / 206 312 039*17，與此數值差異明顯，建議出發前務必用手機Google Maps核對！｜行程/區域：Day 3｜PDF Day 3 10:30 萬座毛。｜原始名稱：萬座毛,萬座毛,13,中部,PDF Day 3 10:30 萬座毛。
📍殘波岬燈塔,"Cape Zanpa Lighthouse, Okinawa, Japan",景點,景點,Day 3,1005 685 377*58,中文顯示名稱：📍殘波岬燈塔｜原始名稱：殘波岬燈塔｜MAPCODE：1005 685 377*58｜用途：日本車機導航用；輸入後請用手機 Google Maps 核對位置。｜行程/區域：Day 3｜PDF Day 3 13:30 殘波岬燈塔。｜原始名稱：殘波岬燈塔,殘波岬燈塔,14,中部,PDF Day 3 13:30 殘波岬燈塔。
📍殘波大獅子,"Zanpa Big Lion, Okinawa, Japan",景點,景點,Day 3,,中文顯示名稱：📍殘波大獅子｜原始名稱：殘波大獅子｜MAPCODE：（查無資料）｜備註：與殘波岬燈塔同園區入口，可共用上方殘波岬燈塔的MAPCODE｜行程/區域：Day 3｜PDF Day 3 殘波岬燈塔與大獅子。｜原始名稱：殘波大獅子,殘波大獅子,15,中部,PDF Day 3 殘波岬燈塔與大獅子。
🛍 美國村,"Mihama American Village, Okinawa, Japan",景點,景點/購物,Day 3,33 525 449*16,中文顯示名稱：🛍 美國村｜原始名稱：美國村｜MAPCODE：33 525 449*16｜用途：日本車機導航用；輸入後請用手機 Google Maps 核對位置。｜行程/區域：Day 3｜PDF Day 3 15:30 美國村。｜原始名稱：美國村,美國村,16,中部,PDF Day 3 15:30 美國村。
🛍 Depot Island,"Depot Island, Chatan, Okinawa, Japan",景點,景點/購物,Day 3,,中文顯示名稱：🛍 Depot Island｜原始名稱：Depot Island｜MAPCODE：（查無資料）｜備註：緊鄰美國村，可先用美國村MAPCODE 33 525 449*16 導航後步行前往｜行程/區域：Day 3｜PDF Day 3 美國村 Depot Island。｜原始名稱：Depot Island,Depot Island,17,中部,PDF Day 3 美國村 Depot Island。
📍古宇利島,"Kouri Island, Okinawa, Japan",景點,景點,北部,,中文顯示名稱：📍古宇利島｜原始名稱：古宇利島｜MAPCODE：（查無資料）｜備註：全島無單一代表點，建議以古宇利大橋 485 662 133*22 作為進島參考點｜行程/區域：北部｜圖片景點地圖：今歸仁。｜原始名稱：古宇利島,古宇利島,18,北部景點,圖片景點地圖：今歸仁。
🎢 JUNGLIA,"JUNGLIA Okinawa, Nakijin, Okinawa, Japan",景點,景點,北部,,中文顯示名稱：🎢 JUNGLIA｜原始名稱：JUNGLIA 叢林樂園｜MAPCODE：（查無資料）｜備註：2025年新開園，尚查無公開MAPCODE，建議用地址「沖繩縣國頭郡今歸仁村字呉我山553番地1」或電話導航｜行程/區域：北部｜圖片景點地圖：今歸仁；請出發前再次確認正式開放與營業資訊。｜原始名稱：JUNGLIA 叢林樂園,JUNGLIA 叢林樂園,19,北部景點,圖片景點地圖：今歸仁；請出發前再次確認正式開放與營業資訊。
🏯 今歸仁城跡,"Nakijin Castle Ruins, Okinawa, Japan",史跡,史跡,北部,553 081 414*17,中文顯示名稱：🏯 今歸仁城跡｜原始名稱：今歸仁城跡｜MAPCODE：553 081 414*17｜用途：日本車機導航用；輸入後請用手機 Google Maps 核對位置。｜行程/區域：北部｜圖片景點地圖：今歸仁。｜原始名稱：今歸仁城跡,今歸仁城跡,20,北部景點,圖片景點地圖：今歸仁。
🌳 崎本部公園,"Sakimotobu Ryokuchi Park, Motobu, Okinawa, Japan",景點,景點,北部,,中文顯示名稱：🌳 崎本部公園｜原始名稱：崎本部綠地公園｜MAPCODE：（查無資料）｜備註：查無資料，建議用地址或電話導航｜行程/區域：北部｜圖片景點地圖：本部町。｜原始名稱：崎本部綠地公園,崎本部綠地公園,21,北部景點,圖片景點地圖：本部町。
🌊 瀨底島,"Sesoko Island, Okinawa, Japan",景點,景點,北部,206 822 294*66,中文顯示名稱：🌊 瀨底島｜原始名稱：瀨底島｜MAPCODE：206 822 294*66｜用途：日本車機導航用；輸入後請用手機 Google Maps 核對位置。｜提醒：另一來源給206 823 450*82，皆指瀨底島周邊，建議到場核對｜行程/區域：北部｜圖片景點地圖：本部町。｜原始名稱：瀨底島,瀨底島,22,北部景點,圖片景點地圖：本部町。
🏖 備瀨崎,"Bisezaki Beach, Motobu, Okinawa, Japan",公園/自然,海灘,北部,553 105 655*56,中文顯示名稱：🏖 備瀨崎｜原始名稱：備瀨崎海灘｜MAPCODE：553 105 655*56｜用途：日本車機導航用；輸入後請用手機 Google Maps 核對位置。｜提醒：此為備瀨福木林道座標（步行可達海灘），非海灘精確點｜行程/區域：北部｜圖片景點地圖：本部町。｜原始名稱：備瀨崎海灘,備瀨崎海灘,23,北部景點,圖片景點地圖：本部町。
🏯 座喜味城跡,"Zakimi Castle Ruins, Yomitan, Okinawa, Japan",史跡,史跡,中部,33 854 398*22,中文顯示名稱：🏯 座喜味城跡｜原始名稱：座喜味城跡｜MAPCODE：33 854 398*22｜用途：日本車機導航用；輸入後請用手機 Google Maps 核對位置。｜行程/區域：中部｜圖片景點地圖：讀谷。｜原始名稱：座喜味城跡,座喜味城跡,24,中部景點,圖片景點地圖：讀谷。
🌳 北谷海洋公園,"Chatan Park / Araha Park, Chatan, Okinawa, Japan",公園/自然,公園,中部,33 496 188*53,中文顯示名稱：🌳 北谷海洋公園｜原始名稱：北谷海洋公園｜MAPCODE：33 496 188*53｜用途：日本車機導航用；輸入後請用手機 Google Maps 核對位置。｜提醒：與安良波公園為同一園區｜行程/區域：中部｜圖片景點地圖：嘉手納/北谷一帶。｜原始名稱：北谷海洋公園,北谷海洋公園,25,中部景點,圖片景點地圖：嘉手納/北谷一帶。
🌳 安良波公園,"Araha Park, Chatan, Okinawa, Japan",公園/自然,公園,中部,33 496 188*53,中文顯示名稱：🌳 安良波公園｜原始名稱：安良波公園｜MAPCODE：33 496 188*53｜用途：日本車機導航用；輸入後請用手機 Google Maps 核對位置。｜行程/區域：中部｜圖片景點地圖：嘉手納/北谷一帶。｜原始名稱：安良波公園,安良波公園,26,中部景點,圖片景點地圖：嘉手納/北谷一帶。
🏖 美浜海岸,"Mihama Beach, Chatan, Okinawa, Japan",公園/自然,海灘,中部,33 525 175*48,中文顯示名稱：🏖 美浜海岸｜原始名稱：美浜海岸｜MAPCODE：33 525 175*48｜用途：日本車機導航用；輸入後請用手機 Google Maps 核對位置。｜提醒：即Sunset Beach日落海灘，美濱海岸通稱｜行程/區域：中部｜圖片景點地圖：嘉手納/北谷一帶。｜原始名稱：美浜海岸,美浜海岸,27,中部景點,圖片景點地圖：嘉手納/北谷一帶。
🌳 縣民之森,"Okinawa Prefectural Citizens Forest, Onna, Okinawa, Japan",公園/自然,自然,中部,,中文顯示名稱：🌳 縣民之森｜原始名稱：沖繩縣民之森｜MAPCODE：（查無資料）｜備註：查無資料，建議用地址或電話導航｜行程/區域：中部｜圖片景點地圖：恩納村。｜原始名稱：沖繩縣民之森,沖繩縣民之森,28,中部景點,圖片景點地圖：恩納村。
🌊 青之洞窟,"Blue Cave, Onna, Okinawa, Japan",景點,潛水,中部,206 062 686*55,中文顯示名稱：🌊 青之洞窟｜原始名稱：青之洞窟｜MAPCODE：206 062 686*55｜用途：日本車機導航用；輸入後請用手機 Google Maps 核對位置。｜行程/區域：中部｜圖片景點地圖：恩納村。｜原始名稱：青之洞窟,青之洞窟,29,中部景點,圖片景點地圖：恩納村。
📍琉球村,"Ryukyu Mura, Okinawa, Japan",景點,景點,中部,206 033 096*46,中文顯示名稱：📍琉球村｜原始名稱：琉球村｜MAPCODE：206 033 096*46｜用途：日本車機導航用；輸入後請用手機 Google Maps 核對位置。｜行程/區域：中部｜圖片景點地圖：恩納村。｜原始名稱：琉球村,琉球村,30,中部景點,圖片景點地圖：恩納村。
📍港川外人住宅,"Minatogawa Stateside Town, Urasoe, Okinawa, Japan",景點,景點,中部,33 340 029*22,中文顯示名稱：📍港川外人住宅｜原始名稱：港川外人住宅｜MAPCODE：33 340 029*22｜用途：日本車機導航用；輸入後請用手機 Google Maps 核對位置。｜行程/區域：中部｜圖片景點地圖：浦添市。｜原始名稱：港川外人住宅,港川外人住宅,31,中部景點,圖片景點地圖：浦添市。
🌳 浦添大公園,"Urasoe Dai Park, Okinawa, Japan",公園/自然,公園,中部,33 282 500*52,中文顯示名稱：🌳 浦添大公園｜原始名稱：浦添大公園｜MAPCODE：33 282 500*52｜用途：日本車機導航用；輸入後請用手機 Google Maps 核對位置。｜提醒：另一來源數值差異較大(333 120 44*07)，建議出發前核對｜行程/區域：中部｜圖片景點地圖：浦添市。｜原始名稱：浦添大公園,浦添大公園,32,中部景點,圖片景點地圖：浦添市。
🛍 PARCO CITY,"San-A Urasoe West Coast PARCO CITY, Okinawa, Japan",購物,購物,中部,33 308 868*74,中文顯示名稱：🛍 PARCO CITY｜原始名稱：PARCO CITY 沖繩｜MAPCODE：33 308 868*74｜用途：日本車機導航用；輸入後請用手機 Google Maps 核對位置。｜提醒：另一來源給33 339 120，差異明顯，建議出發前核對｜行程/區域：中部｜圖片景點地圖：浦添市。｜原始名稱：PARCO CITY 沖繩,PARCO CITY 沖繩,33,中部景點,圖片景點地圖：浦添市。
🌳 奧武山公園,"Onoyama Park, Naha, Okinawa, Japan",公園/自然,公園,南部,33 096 846*77,中文顯示名稱：🌳 奧武山公園｜原始名稱：奧武山公園｜MAPCODE：33 096 846*77｜用途：日本車機導航用；輸入後請用手機 Google Maps 核對位置。｜提醒：此為園內兒童遊戲區/溜滑梯座標，非公園主入口｜行程/區域：南部｜圖片景點地圖：那霸市。｜原始名稱：奧武山公園,奧武山公園,34,南部景點,圖片景點地圖：那霸市。
🏖 波上宮海灘,"Naminoue Beach, Naha, Okinawa, Japan",公園/自然,海灘,南部,33 155 840*25,中文顯示名稱：🏖 波上宮海灘｜原始名稱：波上宮海灘｜MAPCODE：33 155 840*25｜用途：日本車機導航用；輸入後請用手機 Google Maps 核對位置。｜行程/區域：南部｜圖片景點地圖：那霸市。｜原始名稱：波上宮海灘,波上宮海灘,35,南部景點,圖片景點地圖：那霸市。
🛍 國際通,"Kokusai Dori, Naha, Okinawa, Japan",購物,商圈,南部,33 157 312*03,中文顯示名稱：🛍 國際通｜原始名稱：沖繩國際通｜MAPCODE：33 157 312*03｜用途：日本車機導航用；輸入後請用手機 Google Maps 核對位置。｜行程/區域：南部｜圖片景點地圖：那霸市。｜原始名稱：沖繩國際通,沖繩國際通,36,南部景點,圖片景點地圖：那霸市。
🐟 泊港漁市場,"Tomari Iyumachi Fish Market, Naha, Okinawa, Japan",購物,市場,南部,33 216 085*14,中文顯示名稱：🐟 泊港漁市場｜原始名稱：泊港漁市場｜MAPCODE：33 216 085*14｜用途：日本車機導航用；輸入後請用手機 Google Maps 核對位置。｜行程/區域：南部｜圖片景點地圖：那霸市。｜原始名稱：泊港漁市場,泊港漁市場,37,南部景點,圖片景點地圖：那霸市。
📍金城町石疊道,"Kinjo Stone Road, Naha, Okinawa, Japan",史跡,史跡,南部,33 161 390*60,中文顯示名稱：📍金城町石疊道｜原始名稱：金城町石疊道｜MAPCODE：33 161 390*60｜用途：日本車機導航用；輸入後請用手機 Google Maps 核對位置。｜行程/區域：南部｜圖片景點地圖：那霸市。｜原始名稱：金城町石疊道,金城町石疊道,38,南部景點,圖片景點地圖：那霸市。
🌿 識名園,"Shikinaen Royal Garden, Naha, Okinawa, Japan",公園/自然,庭園,南部,33 131 090*26,中文顯示名稱：🌿 識名園｜原始名稱：識名園｜MAPCODE：33 131 090*26｜用途：日本車機導航用；輸入後請用手機 Google Maps 核對位置。｜行程/區域：南部｜圖片景點地圖：那霸市。｜原始名稱：識名園,識名園,39,南部景點,圖片景點地圖：那霸市。
🐟 牧志市場,"Makishi Public Market, Naha, Okinawa, Japan",購物,市場,南部,33 157 264*63,中文顯示名稱：🐟 牧志市場｜原始名稱：第一牧志公設市場｜MAPCODE：33 157 264*63｜用途：日本車機導航用；輸入後請用手機 Google Maps 核對位置。｜行程/區域：南部｜圖片景點地圖：那霸市。｜原始名稱：第一牧志公設市場,第一牧志公設市場,40,南部景點,圖片景點地圖：那霸市。
🏯 首里城,"Shurijo Castle, Naha, Okinawa, Japan",史跡,史跡,南部,33 161 526*71,中文顯示名稱：🏯 首里城｜原始名稱：首里城｜MAPCODE：33 161 526*71｜用途：日本車機導航用；輸入後請用手機 Google Maps 核對位置。｜行程/區域：南部｜圖片景點地圖：那霸市。｜原始名稱：首里城,首里城,41,南部景點,圖片景點地圖：那霸市。
🍍 名護鳳梨園,"Nago Pineapple Park, 1195 Biimata, Nago, Okinawa",景點,景點,北部,206 716 437*41,"中文顯示名稱：🍍 名護鳳梨園｜原始名稱：名護鳳梨園｜MAPCODE：206 716 437*41｜用途：日本車機導航用；輸入後請用手機 Google Maps 核對位置。｜Google Maps Search Query：Nago Pineapple Park, 1195 Biimata, Nago, Okinawa｜行程/區域：北部｜圖片景點地圖：名護市。｜原始名稱：名護鳳梨園",名護鳳梨園,42,北部景點,圖片景點地圖：名護市。｜已檢查修正：改成官方地址；MAPCODE 改用 Mapion 查到的碼。
🍍 水果樂園,"Okinawa Fruits Land, 1220-71 Biimata, Nago, Okinawa",景點,景點,北部,206 716 584*13,"中文顯示名稱：🍍 水果樂園｜原始名稱：OKINAWA Fruits Land 水果樂園｜MAPCODE：206 716 584*13｜用途：日本車機導航用；輸入後請用手機 Google Maps 核對位置。｜Google Maps Search Query：Okinawa Fruits Land, 1220-71 Biimata, Nago, Okinawa｜行程/區域：北部｜圖片景點地圖：名護市。｜原始名稱：OKINAWA Fruits Land 水果樂園",OKINAWA Fruits Land 水果樂園,43,北部景點,圖片景點地圖：名護市。｜已檢查修正：補完整地址，保留 MAPCODE。
🌳 名護自然動植物園,"Neo Park Okinawa, Nago, Okinawa, Japan",景點,景點,北部,206 689 726*88,中文顯示名稱：🌳 名護自然動植物園｜原始名稱：名護自然動植物公園｜MAPCODE：206 689 726*88｜用途：日本車機導航用；輸入後請用手機 Google Maps 核對位置。｜行程/區域：北部｜圖片景點地圖：名護市。｜原始名稱：名護自然動植物公園,名護自然動植物公園,44,北部景點,圖片景點地圖：名護市。
🍺 Orion啤酒廠,"Orion Happy Park, Nago, Okinawa, Japan",景點,工廠見學,北部,206 598 837*51,中文顯示名稱：🍺 Orion啤酒廠｜原始名稱：Orion 啤酒廠｜MAPCODE：206 598 837*51｜用途：日本車機導航用；輸入後請用手機 Google Maps 核對位置。｜行程/區域：北部｜圖片景點地圖：名護市。｜原始名稱：Orion 啤酒廠,Orion 啤酒廠,45,北部景點,圖片景點地圖：名護市。
🌊 部瀨名海中公園,"Busena Marine Park, Nago, Okinawa, Japan",景點,海中公園,北部,206 442 251*55,中文顯示名稱：🌊 部瀨名海中公園｜原始名稱：部瀨名海中公園｜MAPCODE：206 442 251*55｜用途：日本車機導航用；輸入後請用手機 Google Maps 核對位置。｜行程/區域：北部｜圖片景點地圖：名護市。｜原始名稱：部瀨名海中公園,部瀨名海中公園,46,北部景點,圖片景點地圖：名護市。
🦖 恐龍公園,"DINO Dinosaur Park Yanbaru Subtropical Forest, Nago, Okinawa, Japan",景點,景點,北部,206 775 882*21,中文顯示名稱：🦖 恐龍公園｜原始名稱：DINO恐龍公園｜MAPCODE：206 775 882*21｜用途：日本車機導航用；輸入後請用手機 Google Maps 核對位置。｜行程/區域：北部｜圖片景點地圖：名護市。｜原始名稱：DINO恐龍公園,DINO恐龍公園,47,北部景點,圖片景點地圖：名護市。
🌳 Bios之丘,"Bios Hill, Uruma, Okinawa, Japan",公園/自然,自然,中部,206 005 115*00,中文顯示名稱：🌳 Bios之丘｜原始名稱：Bios之丘｜MAPCODE：206 005 115*00｜用途：日本車機導航用；輸入後請用手機 Google Maps 核對位置。｜行程/區域：中部｜圖片景點地圖：宇流麻市。｜原始名稱：Bios之丘,Bios之丘,48,中部景點,圖片景點地圖：宇流麻市。
🌊 海中道路,"Kaichu Road, Uruma, Okinawa, Japan",景點,景點,中部,499 576 282*33,中文顯示名稱：🌊 海中道路｜原始名稱：海中道路｜MAPCODE：499 576 282*33｜用途：日本車機導航用；輸入後請用手機 Google Maps 核對位置。｜行程/區域：中部｜圖片景點地圖：宇流麻市。｜原始名稱：海中道路,海中道路,49,中部景點,圖片景點地圖：宇流麻市。
🏯 勝連城跡,"Katsuren Castle Ruins, Uruma, Okinawa, Japan",史跡,史跡,中部,499 570 171*28,中文顯示名稱：🏯 勝連城跡｜原始名稱：勝連城跡｜MAPCODE：499 570 171*28｜用途：日本車機導航用；輸入後請用手機 Google Maps 核對位置。｜提醒：三個來源數值有落差(140/171/239)，建議出發前用手機核對｜行程/區域：中部｜圖片景點地圖：宇流麻市。｜原始名稱：勝連城跡,勝連城跡,50,中部景點,圖片景點地圖：宇流麻市。
🐟 泡瀨漁港,"Awase Fishing Port, Okinawa City, Okinawa, Japan",交通,港口,中部,,中文顯示名稱：🐟 泡瀨漁港｜原始名稱：泡瀨漁港｜MAPCODE：（查無資料）｜備註：查無資料，建議用地址或電話導航｜行程/區域：中部｜圖片景點地圖：沖繩市。｜原始名稱：泡瀨漁港,泡瀨漁港,51,中部景點,圖片景點地圖：沖繩市。
🌿 東南植物樂園,"Southeast Botanical Gardens, Okinawa, Japan",公園/自然,植物園,中部,33 742 510*33,中文顯示名稱：🌿 東南植物樂園｜原始名稱：東南植物樂園｜MAPCODE：33 742 510*33｜用途：日本車機導航用；輸入後請用手機 Google Maps 核對位置。｜行程/區域：中部｜圖片景點地圖：沖繩市。｜原始名稱：東南植物樂園,東南植物樂園,52,中部景點,圖片景點地圖：沖繩市。
🎢 兒童王國,"Okinawa Zoo & Museum, Okinawa City, Okinawa, Japan",景點,親子景點,中部,33 561 712*52,中文顯示名稱：🎢 兒童王國｜原始名稱：沖繩兒童王國｜MAPCODE：33 561 712*52｜用途：日本車機導航用；輸入後請用手機 Google Maps 核對位置。｜提醒：另兩來源給561766/561796，有落差，建議核對｜行程/區域：中部｜圖片景點地圖：沖繩市。｜原始名稱：沖繩兒童王國,沖繩兒童王國,53,中部景點,圖片景點地圖：沖繩市。
🌊 奧武島,"Ou Island, Nanjo, Okinawa, Japan",公園/自然,島嶼,南部,232 467 328*53,中文顯示名稱：🌊 奧武島｜原始名稱：奧武島｜MAPCODE：232 467 328*53｜用途：日本車機導航用；輸入後請用手機 Google Maps 核對位置。｜行程/區域：南部｜圖片景點地圖：南城市。｜原始名稱：奧武島,奧武島,54,南部景點,圖片景點地圖：南城市。
📍齋場御嶽,"Sefa-utaki, Nanjo, Okinawa, Japan",史跡,聖地,南部,33 024 253*22,中文顯示名稱：📍齋場御嶽｜原始名稱：齋場御嶽｜MAPCODE：33 024 253*22｜用途：日本車機導航用；輸入後請用手機 Google Maps 核對位置。｜行程/區域：南部｜圖片景點地圖：南城市。｜原始名稱：齋場御嶽,齋場御嶽,55,南部景點,圖片景點地圖：南城市。
🌳 知念岬公園,"Cape Chinen Park, Nanjo, Okinawa, Japan",公園/自然,公園,南部,232 594 560*74,中文顯示名稱：🌳 知念岬公園｜原始名稱：知念岬公園｜MAPCODE：232 594 560*74｜用途：日本車機導航用；輸入後請用手機 Google Maps 核對位置。｜行程/區域：南部｜圖片景點地圖：南城市。｜原始名稱：知念岬公園,知念岬公園,56,南部景點,圖片景點地圖：南城市。
🛍 AEON Rycom,"AEON MALL Okinawa Rycom, Kitanakagusuku, Okinawa, Japan",購物,購物,中部,33 530 231*88,中文顯示名稱：🛍 AEON Rycom｜原始名稱：AEON MALL Okinawa Rycom｜MAPCODE：33 530 231*88｜用途：日本車機導航用；輸入後請用手機 Google Maps 核對位置。｜行程/區域：中部｜圖片景點地圖：北中城村。｜原始名稱：AEON MALL Okinawa Rycom,AEON MALL Okinawa Rycom,57,中部景點,圖片景點地圖：北中城村。
🌳 中城公園,"Nakagusuku Park, Okinawa, Japan",公園/自然,公園,中部,33 440 100*25,中文顯示名稱：🌳 中城公園｜原始名稱：中城公園｜MAPCODE：33 440 100*25｜用途：日本車機導航用；輸入後請用手機 Google Maps 核對位置。｜行程/區域：中部｜圖片景點地圖：中城/北中城。｜原始名稱：中城公園,中城公園,58,中部景點,圖片景點地圖：中城/北中城。
🌳 和平祈念公園,"Okinawa Peace Memorial Park, Itoman, Okinawa, Japan",公園/自然,公園,南部,232 342 061*03,中文顯示名稱：🌳 和平祈念公園｜原始名稱：和平祈念公園｜MAPCODE：232 342 061*03｜用途：日本車機導航用；輸入後請用手機 Google Maps 核對位置。｜行程/區域：南部｜圖片景點地圖：糸滿市。｜原始名稱：和平祈念公園,和平祈念公園,59,南部景點,圖片景點地圖：糸滿市。
📍琉球玻璃村,"Ryukyu Glass Village, Itoman, Okinawa, Japan",景點,體驗,南部,232 336 224*71,中文顯示名稱：📍琉球玻璃村｜原始名稱：琉球玻璃村｜MAPCODE：232 336 224*71｜用途：日本車機導航用；輸入後請用手機 Google Maps 核對位置。｜行程/區域：南部｜圖片景點地圖：糸滿市。｜原始名稱：琉球玻璃村,琉球玻璃村,60,南部景點,圖片景點地圖：糸滿市。
🛍 道之驛糸滿,"Roadside Station Itoman, Okinawa, Japan",交通,休息站,南部,232 484 107*03,中文顯示名稱：🛍 道之驛糸滿｜原始名稱：道之驛糸滿｜MAPCODE：232 484 107*03｜用途：日本車機導航用；輸入後請用手機 Google Maps 核對位置。｜行程/區域：南部｜圖片景點地圖：糸滿市。｜原始名稱：道之驛糸滿,道之驛糸滿,61,南部景點,圖片景點地圖：糸滿市。
🌊 瀨長島,"Senaga Island, Tomigusuku, Okinawa, Japan",公園/自然,島嶼,南部,33 002 602*06,中文顯示名稱：🌊 瀨長島｜原始名稱：瀨長島｜MAPCODE：33 002 602*06｜用途：日本車機導航用；輸入後請用手機 Google Maps 核對位置。｜提醒：與瀨長島Umikaji Terrace同區域｜行程/區域：南部｜圖片景點地圖：豐見城市。｜原始名稱：瀨長島,瀨長島,62,南部景點,圖片景點地圖：豐見城市。
📍舊海軍壕,"Former Japanese Navy Underground Headquarters, Tomigusuku, Okinawa, Japan",史跡,史跡,南部,33 036 823*65,中文顯示名稱：📍舊海軍壕｜原始名稱：舊海軍司令部壕｜MAPCODE：33 036 823*65｜用途：日本車機導航用；輸入後請用手機 Google Maps 核對位置。｜提醒：另一來源（海軍壕公園主入口）給33036664~725區間，地堡入口與公園入口座標略有不同｜行程/區域：南部｜圖片景點地圖：豐見城市。｜原始名稱：舊海軍司令部壕,舊海軍司令部壕,63,南部景點,圖片景點地圖：豐見城市。
🍙 豬肉蛋飯糰,"Pork Tamago Onigiri Makishi Market, Naha, Okinawa, Japan",美食,早餐,南部/那霸國際通,33 157 323*00,中文顯示名稱：🍙 豬肉蛋飯糰｜原始名稱：豬肉蛋飯糰本店 牧志市場店｜MAPCODE：33 157 323*00｜用途：日本車機導航用；輸入後請用手機 Google Maps 核對位置。｜行程/區域：南部/那霸國際通｜推薦：炸蝦豬肉蛋飯糰。營業：每日 07:00–19:00。另有美國村、那霸機場、本部町分店。｜原始名稱：豬肉蛋飯糰本店 牧志市場店,豬肉蛋飯糰本店 牧志市場店,64,沖繩必吃美食,推薦：炸蝦豬肉蛋飯糰。營業：每日 07:00–19:00。另有美國村、那霸機場、本部町分店。
🥩 燒肉王久茂地,"Yakiniku King Naha Kumoji, Okinawa, Japan",美食,燒肉,南部/那霸國際通,33 157 752*68,中文顯示名稱：🥩 燒肉王久茂地｜原始名稱：Yakiniku King 那覇久茂地店｜MAPCODE：33 157 752*68｜用途：日本車機導航用；輸入後請用手機 Google Maps 核對位置。｜行程/區域：南部/那霸國際通｜沖繩燒肉王；和牛吃到飽。營業：平日 17:00–00:00、週末 11:00–00:00。｜原始名稱：Yakiniku King 那覇久茂地店,Yakiniku King 那覇久茂地店,65,沖繩必吃美食,沖繩燒肉王；和牛吃到飽。營業：平日 17:00–00:00、週末 11:00–00:00。
🥩 牛皇,"Naha, Kumoji, 2 Chome−13−14 ヨーロピアンビル 牛皇, Okinawa, Japan",美食,燒肉,南部/那霸國際通,,中文顯示名稱：🥩 牛皇｜原始名稱：炭火焼肉専門店 牛皇｜行程/區域：南部/那霸國際通｜高檔和牛燒肉。營業：週三至週一 17:00–01:00。｜原始名稱：炭火焼肉専門店 牛皇,炭火焼肉専門店 牛皇,66,沖繩必吃美食,高檔和牛燒肉。營業：週三至週一 17:00–01:00。
🥩 本部牧場那霸,"Motobu Farm Naha, Okinawa, Japan",美食,燒肉,南部/那霸國際通,,中文顯示名稱：🥩 本部牧場那霸｜原始名稱：燒肉本部牧場 那霸店｜行程/區域：南部/那霸國際通｜本部牛牧場直營。營業：11:30–15:00、17:00–22:00。｜原始名稱：燒肉本部牧場 那霸店,燒肉本部牧場 那霸店,67,沖繩必吃美食,本部牛牧場直營。營業：11:30–15:00、17:00–22:00。
🥩 本部牧場國際通,"Motobu Farm Kokusai Street, Naha, Okinawa, Japan",美食,燒肉,南部/那霸國際通,,中文顯示名稱：🥩 本部牧場國際通｜原始名稱：燒肉本部牧場 國際通店｜行程/區域：南部/那霸國際通｜本部牛燒肉；國際通分店。營業：每日 17:00–22:30。｜原始名稱：燒肉本部牧場 國際通店,燒肉本部牧場 國際通店,68,沖繩必吃美食,本部牛燒肉；國際通分店。營業：每日 17:00–22:30。
🥩 琉球之牛,"Ryukyu no Ushi Kokusai Street, Naha, Okinawa, Japan",美食,燒肉,南部/那霸國際通,33 157 448*25,中文顯示名稱：🥩 琉球之牛｜原始名稱：琉球之牛 國際通店｜MAPCODE：33 157 448*25｜用途：日本車機導航用；輸入後請用手機 Google Maps 核對位置。｜行程/區域：南部/那霸國際通｜琉球和牛人氣名店。營業：每日 17:00–22:30。｜原始名稱：琉球之牛 國際通店,琉球之牛 國際通店,69,沖繩必吃美食,琉球和牛人氣名店。營業：每日 17:00–22:30。
🍺 目利銀次,"Mekiki Ginji Shintoshin, 1 Chome-9-19 Ameku, Naha, Okinawa, Japan",美食,居酒屋,南部/那霸新都心,33 218 131*58,中文顯示名稱：🍺 目利銀次｜原始名稱：目利銀次 新都心店｜MAPCODE：33 218 131*58｜用途：日本車機導航用；輸入後請用手機 Google Maps 核對位置。｜行程/區域：南部/那霸新都心｜平價居酒屋。營業：平日 17:00–23:00、假日 17:00–00:00；週三公休。｜原始名稱：目利銀次 新都心店,目利銀次 新都心店,70,沖繩必吃美食,平價居酒屋。營業：平日 17:00–23:00、假日 17:00–00:00；週三公休。
🍜 暖暮拉麵,"Danbo Ramen Makishi, Naha, Okinawa, Japan",美食,拉麵,南部/那霸國際通,33 157 621*52,中文顯示名稱：🍜 暖暮拉麵｜原始名稱：暖暮拉麵 牧志店｜MAPCODE：33 157 621*52｜用途：日本車機導航用；輸入後請用手機 Google Maps 核對位置。｜行程/區域：南部/那霸國際通｜台灣旅客常去的豚骨拉麵。營業：平日 11:00–02:00、假日 10:00–02:00。｜原始名稱：暖暮拉麵 牧志店,暖暮拉麵 牧志店,71,沖繩必吃美食,台灣旅客常去的豚骨拉麵。營業：平日 11:00–02:00、假日 10:00–02:00。
🍜 琉家拉麵,"Ryukya Ramen, 1 Chome-6-8 Matsuo, Naha, Okinawa, Japan",美食,拉麵,南部/那霸國際通,,中文顯示名稱：🍜 琉家拉麵｜原始名稱：琉家拉麵 國際通本店｜行程/區域：南部/那霸國際通｜國際通巷內拉麵。營業：週四至週二 11:30–22:30；週三公休。｜原始名稱：琉家拉麵 國際通本店,琉家拉麵 國際通本店,72,沖繩必吃美食,國際通巷內拉麵。營業：週四至週二 11:30–22:30；週三公休。
🍜 Mahoroba拌麵,"Mazemen Mahoroba, Naha, Makishi, 1 Chome−3−34 シティーパル K, Okinawa, Japan",美食,乾拌麵,南部/那霸國際通,,中文顯示名稱：🍜 Mahoroba拌麵｜原始名稱：Mazemen Mahoroba｜行程/區域：南部/那霸國際通｜台灣乾拌麵風格。營業：每日 11:30–21:00。｜原始名稱：Mazemen Mahoroba,Mazemen Mahoroba,73,沖繩必吃美食,台灣乾拌麵風格。營業：每日 11:30–21:00。
🍚 Marutama味噌,"Marutama, Naha, Izumizaki, 2 Chome−4-3, Okinawa, Japan",美食,早餐,南部/那霸,,中文顯示名稱：🍚 Marutama味噌｜原始名稱：Marutama 味噌飯屋｜行程/區域：南部/那霸｜早餐味噌湯定食。營業：週一至週六 07:30–14:30、17:00–20:30；週日公休。｜原始名稱：Marutama 味噌飯屋,Marutama 味噌飯屋,74,沖繩必吃美食,早餐味噌湯定食。營業：週一至週六 07:30–14:30、17:00–20:30；週日公休。
🐟 魚屋食堂,"3 Chome-5-1 Takara, Naha, Okinawa, Japan",美食,海鮮,南部/那霸,,中文顯示名稱：🐟 魚屋食堂｜原始名稱：魚屋直營食堂｜行程/區域：南部/那霸｜平價海鮮丼與定食。營業：每日 11:00–20:00。｜原始名稱：魚屋直營食堂,魚屋直營食堂,75,沖繩必吃美食,平價海鮮丼與定食。營業：每日 11:00–20:00。
🥞 幸福鬆餅,"A Happy Pancake Senagajima Umikaji Terrace, Tomigusuku, Okinawa, Japan",美食,甜點,南部/瀨長島,33 002 602*03,中文顯示名稱：🥞 幸福鬆餅｜原始名稱：幸福鬆餅 瀨長島店｜MAPCODE：33 002 602*03｜用途：日本車機導航用；輸入後請用手機 Google Maps 核對位置。｜行程/區域：南部/瀨長島｜舒芙蕾鬆餅與海景。營業：每日 11:00–21:00；建議預約。｜原始名稱：幸福鬆餅 瀨長島店,幸福鬆餅 瀨長島店,76,沖繩必吃美食,舒芙蕾鬆餅與海景。營業：每日 11:00–21:00；建議預約。
☕ 浜邊茶屋,"Hamabe no Chaya, Nanjo, Tamagusuku, Okinawa, Japan",美食,咖啡,南部/玉泉洞知念,232 469 490*71,中文顯示名稱：☕ 浜邊茶屋｜原始名稱：浜邊的茶屋｜MAPCODE：232 469 490*71｜用途：日本車機導航用；輸入後請用手機 Google Maps 核對位置。｜行程/區域：南部/玉泉洞知念｜海邊木屋咖啡廳，可搭新原沙灘。營業：平日 10:00–17:00、五六日 08:00–17:00。｜原始名稱：浜邊的茶屋,浜邊的茶屋,77,沖繩必吃美食,海邊木屋咖啡廳，可搭新原沙灘。營業：平日 10:00–17:00、五六日 08:00–17:00。
🍜 屋宜家,"Yagiya, 1172 Oton, Yaese, Shimajiri District, Okinawa, Japan",美食,沖繩麵,南部/玉泉洞知念,232 433 739*74,中文顯示名稱：🍜 屋宜家｜原始名稱：Okinawa Soba & Cafe Yagiya 屋宜家｜MAPCODE：232 433 739*74｜用途：日本車機導航用；輸入後請用手機 Google Maps 核對位置。｜行程/區域：南部/玉泉洞知念｜紅瓦老宅沖繩麵。營業：週三至週一 11:00–15:15；週二公休。｜原始名稱：Okinawa Soba & Cafe Yagiya 屋宜家,Okinawa Soba & Cafe Yagiya 屋宜家,78,沖繩必吃美食,紅瓦老宅沖繩麵。營業：週三至週一 11:00–15:15；週二公休。
☕ 薑黃花,"Cafe Curcuma, Chinen-1190 Chinen, Nanjo, Okinawa, Japan",美食,海景餐廳,南部/玉泉洞知念,,中文顯示名稱：☕ 薑黃花｜原始名稱：Cafe Curcuma 薑黃花｜行程/區域：南部/玉泉洞知念｜高地海景泰式/南洋料理。營業：平日 10:00–17:00、週末 10:00–18:00；週三公休。｜原始名稱：Cafe Curcuma 薑黃花,Cafe Curcuma 薑黃花,79,沖繩必吃美食,高地海景泰式/南洋料理。營業：平日 10:00–17:00、週末 10:00–18:00；週三公休。
🍰 Houki Boshi,"Houki Boshi, 2 Chome-16-2 Minatogawa, Urasoe, Okinawa, Japan",美食,甜點,中部/港川外人住宅,,中文顯示名稱：🍰 Houki Boshi｜原始名稱：Houki Boshi 可麗露｜行程/區域：中部/港川外人住宅｜沖繩黑糖可麗露。營業：每日 11:30–18:00。｜原始名稱：Houki Boshi 可麗露,Houki Boshi 可麗露,80,沖繩必吃美食,沖繩黑糖可麗露。營業：每日 11:30–18:00。
🍰 oHacorte,"oHacorte Minatogawa, 2 Chome-17-1 Minatogawa, Urasoe, Okinawa, Japan",美食,甜點,中部/港川外人住宅,33 341 002*22,中文顯示名稱：🍰 oHacorte｜原始名稱：oHacorte 港川店｜MAPCODE：33 341 002*22｜用途：日本車機導航用；輸入後請用手機 Google Maps 核對位置。｜行程/區域：中部/港川外人住宅｜水果塔與下午茶。營業：每日 11:30–19:00。｜原始名稱：oHacorte 港川店,oHacorte 港川店,81,沖繩必吃美食,水果塔與下午茶。營業：每日 11:30–19:00。
🍜 いしぐふー,"Ishigufu Minatogawa, Urasoe, Minatogawa, 2 Chome−13−6, Okinawa, Japan",美食,沖繩麵,中部/港川外人住宅,33 341 094*27,中文顯示名稱：🍜 いしぐふー｜原始名稱：雞湯拉麵屋 いしぐふー 港川店｜MAPCODE：33 341 094*27｜用途：日本車機導航用；輸入後請用手機 Google Maps 核對位置。｜行程/區域：中部/港川外人住宅｜雞湯沖繩麵。營業：週三至週五 10:00–15:00、週末 10:00–16:00。｜原始名稱：雞湯拉麵屋 いしぐふー 港川店,雞湯拉麵屋 いしぐふー 港川店,82,沖繩必吃美食,雞湯沖繩麵。營業：週三至週五 10:00–15:00、週末 10:00–16:00。
🍜 Apollo拉麵,"Ryukyu Ramen Apollo, Okinawa, Urasoe, Minatogawa, 1 Chome−5−11, Japan",美食,拉麵,中部/浦添,,中文顯示名稱：🍜 Apollo拉麵｜原始名稱：Ryukyu Ramen Apollo｜行程/區域：中部/浦添｜推薦口味：琥珀。營業：週五至週一 11:30–14:45；週四公休。｜原始名稱：Ryukyu Ramen Apollo,Ryukyu Ramen Apollo,83,沖繩必吃美食,推薦口味：琥珀。營業：週五至週一 11:30–14:45；週四公休。
🥞 Hanon鬆餅,"Seaside Cafe Hanon, Chatan, Mihama, Okinawa, Japan",美食,鬆餅,中部/美國村,,中文顯示名稱：🥞 Hanon鬆餅｜原始名稱：Seaside Cafe Hanon｜行程/區域：中部/美國村｜美國村海景鬆餅。營業：平日 09:00–17:00、週末 08:30–19:00。｜原始名稱：Seaside Cafe Hanon,Seaside Cafe Hanon,84,沖繩必吃美食,美國村海景鬆餅。營業：平日 09:00–17:00、週末 08:30–19:00。
🌮 Kijimuna塔可飯,"Taco Rice Cafe Kijimuna Depot Island, Chatan, Okinawa, Japan",美食,塔可飯,中部/美國村,33 525 383*28,中文顯示名稱：🌮 Kijimuna塔可飯｜原始名稱：Taco Rice Cafe Kijimuna｜MAPCODE：33 525 383*28｜用途：日本車機導航用；輸入後請用手機 Google Maps 核對位置。｜行程/區域：中部/美國村｜推薦：塔可飯、塔可蛋包飯。營業：每日 11:00–22:00。｜原始名稱：Taco Rice Cafe Kijimuna,Taco Rice Cafe Kijimuna,85,沖繩必吃美食,推薦：塔可飯、塔可蛋包飯。營業：每日 11:00–22:00。
🍺 北谷殿內,"Chatan Dunchi, Chatan, Mihama, Okinawa, Japan",美食,居酒屋,中部/美國村,,中文顯示名稱：🍺 北谷殿內｜原始名稱：Chatan Dunchi 居酒屋｜行程/區域：中部/美國村｜靠海居酒屋，可能收座位費。營業：每日 17:00–23:00。｜原始名稱：Chatan Dunchi 居酒屋,Chatan Dunchi 居酒屋,86,沖繩必吃美食,靠海居酒屋，可能收座位費。營業：每日 17:00–23:00。
☕ Calif Kitchen,"The Calif Kitchen Okinawa, Chatan, Mihama, Okinawa, Japan",美食,海景餐廳,中部/美國村,,中文顯示名稱：☕ Calif Kitchen｜原始名稱：The Calif Kitchen Okinawa｜行程/區域：中部/美國村｜美國村海景早餐/甜點/餐廳。營業：每日 08:00–22:00。｜原始名稱：The Calif Kitchen Okinawa,The Calif Kitchen Okinawa,87,沖繩必吃美食,美國村海景早餐/甜點/餐廳。營業：每日 08:00–22:00。
🦐 蒸氣海鮮,"Chatan Steam Seafood, Nakagami District, Chatan, Mihama, 51-2, Okinawa, Japan",美食,海鮮,中部/美國村,33 525 860*30,中文顯示名稱：🦐 蒸氣海鮮｜原始名稱：Chatan Steam Seafood｜MAPCODE：33 525 860*30｜用途：日本車機導航用；輸入後請用手機 Google Maps 核對位置。｜行程/區域：中部/美國村｜蒸氣海鮮料理。營業：週六至週四 11:00–23:00；週五 11:00–15:00、17:00–23:00。｜原始名稱：Chatan Steam Seafood,Chatan Steam Seafood,88,沖繩必吃美食,蒸氣海鮮料理。營業：週六至週四 11:00–23:00；週五 11:00–15:00、17:00–23:00。
🐟 元祖海葡萄,"元祖 海ぶどう 万座毛店, 沖縄県国頭郡恩納村字恩納2767 万座毛周辺活性化施設 2F",美食,海鮮,北部/恩納村,,"中文顯示名稱：🐟 元祖海葡萄｜原始名稱：元祖海葡萄總店｜MAPCODE：未填（未找到可靠來源，建議用 Google Maps 搜尋名稱/地址，或到現場再用電話/地址導航）。｜Google Maps Search Query：元祖 海ぶどう 万座毛店, 沖縄県国頭郡恩納村字恩納2767 万座毛周辺活性化施設 2F｜行程/區域：北部/恩納村｜已搬至萬座毛遊客中心二樓。營業：平日 11:00–18:00、週末 11:00–15:00。｜原始名稱：元祖海葡萄總店",元祖海葡萄總店,89,沖繩必吃美食,已搬至萬座毛遊客中心二樓。營業：平日 11:00–18:00、週末 11:00–15:00。｜已檢查修正：改成萬座毛周邊活性化施設 2F 的完整店名與地址；MAPCODE 無可靠來源，先留空避免誤導車機。
🥞 Paanilani鬆餅,"Hawaiian Pancakes House Paanilani, 698 Serakaki, Onna, Okinawa, Japan",美食,早餐,北部/恩納村,206 314 567*55,中文顯示名稱：🥞 Paanilani鬆餅｜原始名稱：Hawaiian Pancakes House Paanilani｜MAPCODE：206 314 567*55｜用途：日本車機導航用；輸入後請用手機 Google Maps 核對位置。｜行程/區域：北部/恩納村｜恩納村美式鬆餅。營業：每日 07:00–17:00。｜原始名稱：Hawaiian Pancakes House Paanilani,Hawaiian Pancakes House Paanilani,90,沖繩必吃美食,恩納村美式鬆餅。營業：每日 07:00–17:00。
🍱 名護Yukino,"Yukino, 450-8 Miyazato, Nago, Okinawa, Japan",美食,日式定食,北部/名護,,中文顯示名稱：🍱 名護Yukino｜原始名稱：名護 Yukino 日式餐廳｜行程/區域：北部/名護｜日式家庭料理，推薦炸蝦定食。營業：週四至週二 17:00–21:30；週三公休。｜原始名稱：名護 Yukino 日式餐廳,名護 Yukino 日式餐廳,91,沖繩必吃美食,日式家庭料理，推薦炸蝦定食。營業：週四至週二 17:00–21:30；週三公休。
🍖 百年古家大家,"Ufuya, 90 Nakayama, Nago, Okinawa",美食,阿古豬,北部/名護,206 745 056*82,"中文顯示名稱：🍖 百年古家大家｜原始名稱：百年古家 大家｜MAPCODE：206 745 056*82｜用途：日本車機導航用；輸入後請用手機 Google Maps 核對位置。｜Google Maps Search Query：Ufuya, 90 Nakayama, Nago, Okinawa｜行程/區域：北部/名護｜阿古豬料理景觀餐廳。營業：每日 11:00–15:30、18:00–20:00。｜原始名稱：百年古家 大家",百年古家 大家,92,沖繩必吃美食,阿古豬料理景觀餐廳。營業：每日 11:00–15:30、18:00–20:00。｜已檢查修正：修正名稱空格與 MAPCODE。
🍔 Captain Kangaroo,"Captain Kangaroo, 930-1 Sakimotobu, Motobu, Okinawa",美食,漢堡,北部/本部町,,"中文顯示名稱：🍔 Captain Kangaroo｜原始名稱：Captain Kangaroo Hamburger｜MAPCODE：未填（未找到可靠來源，建議用 Google Maps 搜尋名稱/地址，或到現場再用電話/地址導航）。｜Google Maps Search Query：Captain Kangaroo, 930-1 Sakimotobu, Motobu, Okinawa｜行程/區域：北部/本部町｜人氣美式漢堡。營業：每日 11:00–17:00。｜原始名稱：Captain Kangaroo Hamburger",Captain Kangaroo Hamburger,93,沖繩必吃美食,人氣美式漢堡。營業：每日 11:00–17:00。｜已檢查修正：地址保留並縮成精準店址；MAPCODE 無可靠來源，先留空。
🐟 海邦丸本店,"海人料理 海邦丸, Hanasaki Marche, Motobu, Okinawa",美食,海鮮,北部/本部町,,"中文顯示名稱：🐟 海邦丸本店｜原始名稱：海人料理海邦丸 本店｜MAPCODE：未填（未找到可靠來源，建議用 Google Maps 搜尋名稱/地址，或到現場再用電話/地址導航）。｜Google Maps Search Query：海人料理 海邦丸, Hanasaki Marche, Motobu, Okinawa｜行程/區域：北部/本部町｜海鮮定食/海鮮丼。營業：每日 11:00–15:00、17:30–21:00。｜原始名稱：海人料理海邦丸 本店",海人料理海邦丸 本店,94,沖繩必吃美食,海鮮定食/海鮮丼。營業：每日 11:00–15:00、17:30–21:00。｜已檢查修正：改成 Hanasaki Marche 內的正式店名；MAPCODE 無可靠來源，先留空。
🐟 海邦丸二館,"海人料理 海邦丸 2号店, 沖縄県国頭郡本部町山川1046-2",美食,海鮮,北部/本部町,,"中文顯示名稱：🐟 海邦丸二館｜原始名稱：海人料理海邦丸 二館｜MAPCODE：未填（未找到可靠來源，建議用 Google Maps 搜尋名稱/地址，或到現場再用電話/地址導航）。｜Google Maps Search Query：海人料理 海邦丸 2号店, 沖縄県国頭郡本部町山川1046-2｜行程/區域：北部/本部町｜水族館周邊海鮮餐廳。營業：週五至週二 11:30–15:00、17:30–20:30。｜原始名稱：海人料理海邦丸 二館",海人料理海邦丸 二館,95,沖繩必吃美食,水族館周邊海鮮餐廳。營業：週五至週二 11:30–15:00、17:30–20:30。｜已檢查修正：修正為二館地址：本部町山川1046-2；MAPCODE 無可靠來源，先留空。
🍜 岸本食堂本店,"Kishimoto Shokudo Main Store, Motobu, Okinawa, Japan",美食,沖繩麵,北部/本部町,206 857 712*58,中文顯示名稱：🍜 岸本食堂本店｜原始名稱：岸本食堂 本店｜MAPCODE：206 857 712*58｜用途：日本車機導航用；輸入後請用手機 Google Maps 核對位置。｜行程/區域：北部/本部町｜1905 年老店沖繩麵。營業：11:00–17:00；週三公休。｜原始名稱：岸本食堂 本店,岸本食堂 本店,96,沖繩必吃美食,1905 年老店沖繩麵。營業：11:00–17:00；週三公休。
🍜 岸本八重岳,"Kishimoto Shokudo Yaedake, Motobu, Okinawa, Japan",美食,沖繩麵,北部/本部町,206 859 346*30,中文顯示名稱：🍜 岸本八重岳｜原始名稱：岸本食堂 八重岳店｜MAPCODE：206 859 346*30｜用途：日本車機導航用；輸入後請用手機 Google Maps 核對位置。｜行程/區域：北部/本部町｜岸本食堂分店。營業：每日 11:00–17:00。｜原始名稱：岸本食堂 八重岳店,岸本食堂 八重岳店,97,沖繩必吃美食,岸本食堂分店。營業：每日 11:00–17:00。
🍤 古宇利蝦飯,"Kouri Shrimp, 314 Kouri, Nakijin, Okinawa, Japan",美食,蝦蝦飯,北部/古宇利島,485 692 203*74,中文顯示名稱：🍤 古宇利蝦飯｜原始名稱：古宇利蝦蝦飯 Kouri Shrimp｜MAPCODE：485 692 203*74｜用途：日本車機導航用；輸入後請用手機 Google Maps 核對位置。｜行程/區域：北部/古宇利島｜古宇利島排隊蝦蝦飯。營業：週三至週一 11:00–18:00；週二公休。｜原始名稱：古宇利蝦蝦飯 Kouri Shrimp,古宇利蝦蝦飯 Kouri Shrimp,98,沖繩必吃美食,古宇利島排隊蝦蝦飯。營業：週三至週一 11:00–18:00；週二公休。
🐟 錦屋,"Shokujidokoro Nishikiya, Kouri, Nakijin, Okinawa, Japan",美食,海膽料理,北部/古宇利島,,中文顯示名稱：🐟 錦屋｜原始名稱：食事処 錦屋｜行程/區域：北部/古宇利島｜古宇利島海膽料理。營業：每日 10:30–20:00。｜原始名稱：食事処 錦屋,食事処 錦屋,99,沖繩必吃美食,古宇利島海膽料理。營業：每日 10:30–20:00。
🍦 Blue Seal牧港,"Blue Seal Makiminato Main Branch, 5-5-6 Makiminato, Urasoe, Okinawa",美食,冰淇淋,全沖繩,,"中文顯示名稱：🍦 Blue Seal牧港｜原始名稱：BLUE SEAL 牧港本店｜MAPCODE：未填（未找到可靠來源，建議用 Google Maps 搜尋名稱/地址，或到現場再用電話/地址導航）。｜Google Maps Search Query：Blue Seal Makiminato Main Branch, 5-5-6 Makiminato, Urasoe, Okinawa｜行程/區域：全沖繩｜全沖繩多分店；建議用 Google Maps 找最近分店。｜原始名稱：BLUE SEAL 牧港本店",BLUE SEAL 牧港本店,100,沖繩必吃美食,全沖繩多分店；建議用 Google Maps 找最近分店。｜已檢查修正：原本只寫品牌名會偏移，改成明確分店：牧港本店。
